count,mode,avg_fps,min_fps,avg_frame_ms,gpu_util_pct,vram_used_mb
509.165,0.800935,92.5556,1953
100000,GPU,1119.69,469.704,0.893108,93,1953
250000,GPU,646.292,321.027,1.54729,91.5556,1953
500000,GPU,429.916,202.388,2.32603,93.1111,1953
1000000,GPU,282.655,185.048,3.53789,95.5556,1953
2000000,GPU,130.702,99.4827,7.651,97.5556,2118
5000000,GPU,45.8996,42.4863,21.7867,99.4444,2594
